{
    "hi": "Hello!",
    "how are you?": "Im doing fine, thank you.",
    "whats 10 x 10": "100",
    "whats 10+10": "20",
    "whats 10 - 2?": "8",
    "what's 156 * 29?": "4524",
    "whats 156 * 29?": "4524",
    "whats 100 * 100?": "10000",
    "whats 393 * 290?": "113970",
    "whats 10 / 3?": "3.3333333333333335",
    "how old are you": "Im 20 | I'm 20 | Im 24 | I'm 24",
    "how are you": "Im fine",
    "whats 10 * 10?": "100",
    "whats 20 * 10?": "200",
    "whats the capital of france?": "Paris",
    "hello": "Hello!",
    "whats 1083 * 829?": "897807"
}